method,seed,room_count,target_curve_len,generation_time_sec,eval_budget,evaluations_used,fitness,feasible_search,feasible_operational,constraint_violation,overall_completeness,constraint_valid,linearity,leniency,progression_complexity,topology_complexity,key_gate_count,key_before_lock_rate,switch_gate_count,switch_before_gate_rate,battery_gate_count,battery_satisfaction_rate,path_length,num_nodes,num_edges,path_redundancy,articulation_count,articulation_ratio,branch_count,branch_utility_rate,secret_component_count,secret_content_discoverability_rate,repair_applied,total_repairs,generation_constraint_rejections,candidate_repairs_applied,novelty_vs_reference,graph_edit_distance
MAP_ELITES,42,24,24,17.364834785461426,512,484,0.15550202431395585,0.0,1.0,1.4961594224721475,1.0,1.0,0.2,0.16666666666666666,0.46218526031102103,0.29776470588235293,2.0,1.0,2.0,1.0,0.0,1.0,5.0,30.0,51.0,0.2,17.0,0.5666666666666667,2.0,1.0,0.0,1.0,1.0,20.0,0.0,0.0,0.08455940843290029,0.06531476997578692
MAP_ELITES,43,29,29,12.938908100128174,512,484,0.0473673371780272,0.0,1.0,2.553391525294799,1.0,1.0,0.14814814814814814,1.0,0.3162133779264214,0.23190499194847022,2.0,1.0,1.0,0.0,0.0,1.0,3.0,27.0,46.0,0.0,19.0,0.7037037037037037,1.0,1.0,0.0,1.0,1.0,39.0,0.0,0.0,0.1297967856531831,0.07862903225806452
MAP_ELITES,44,21,21,10.695205450057983,512,484,0.16952547348023,0.0,1.0,1.4751319697920362,1.0,1.0,0.20689655172413793,0.4,0.462325024630542,0.24670935960591134,2.0,1.0,0.0,1.0,0.0,1.0,5.0,29.0,50.0,0.0,17.0,0.5862068965517241,2.0,1.0,0.0,1.0,1.0,21.0,0.0,0.0,0.11824550749052809,0.08360472541507025
MAP_ELITES,45,26,26,10.839300870895386,512,484,0.3549840135390592,0.0,1.0,0.656106701682567,1.0,1.0,0.2857142857142857,1.0,0.4861333333333334,0.31533333333333335,5.0,1.0,0.0,1.0,0.0,1.0,5.0,21.0,35.0,0.2,9.0,0.42857142857142855,1.0,1.0,0.0,1.0,1.0,55.0,0.0,0.0,0.02472388795232836,0.08438423645320198
MAP_ELITES,46,21,21,10.564659118652344,512,484,0.28666335988562797,0.0,1.0,0.9280092957787819,1.0,1.0,0.2222222222222222,0.25,0.4977055258467023,0.3372525252525253,2.0,1.0,0.0,1.0,0.0,1.0,3.0,18.0,33.0,0.0,4.0,0.2222222222222222,1.0,1.0,0.0,1.0,1.0,34.0,0.0,0.0,0.06988152460998202,0.03203324808184143
MAP_ELITES,47,26,26,10.961622953414917,512,484,0.158682022176707,0.0,1.0,1.910196539424147,1.0,1.0,0.44,1.0,0.37832615384615387,0.20257435897435896,5.0,1.0,0.0,1.0,0.0,1.0,10.0,25.0,39.0,0.0,17.0,0.68,3.0,1.0,1.0,1.0,1.0,55.0,0.0,0.0,0.09009543043921484,0.12135714285714286
MAP_ELITES,48,33,33,13.0902578830719,512,484,0.33196781257232993,0.0,1.0,0.7579819396354983,1.0,1.0,0.3333333333333333,0.75,0.48472806267806273,0.3022546296296296,5.0,1.0,0.0,1.0,0.0,1.0,8.0,27.0,48.0,0.375,11.0,0.4074074074074074,4.0,1.0,0.0,1.0,1.0,48.0,0.0,0.0,0.09394928524543965,0.06666666666666665
MAP_ELITES,49,24,24,11.783166885375977,512,484,0.3101327831249084,0.0,1.0,0.8683564069558201,1.0,1.0,0.2647058823529412,1.0,0.4643807282078257,0.3176007714561235,5.0,1.0,0.0,1.0,0.0,1.0,8.0,34.0,61.0,0.0,21.0,0.6176470588235294,1.0,1.0,0.0,1.0,1.0,27.0,0.0,0.0,0.03651354517349909,0.075200900032144
MAP_ELITES,50,19,19,9.384360074996948,512,484,0.38880015754125846,0.0,1.0,0.6191612785534705,1.0,1.0,0.3333333333333333,0.3333333333333333,0.47750832272534405,0.3153301812450749,2.0,1.0,1.0,1.0,0.0,1.0,8.0,27.0,47.0,0.375,15.0,0.5555555555555556,2.0,0.5,0.0,1.0,1.0,27.0,0.0,0.0,0.06736626400030134,0.07410714285714286
MAP_ELITES,51,32,32,11.964747905731201,512,484,0.13612155881012472,0.0,1.0,1.4552467365742925,1.0,1.0,0.4117647058823529,0.42857142857142855,0.48620053144961867,0.33158823529411774,2.0,1.0,4.0,1.0,0.0,1.0,13.0,34.0,58.0,0.7692307692307693,11.0,0.3235294117647059,5.0,1.0,1.0,1.0,1.0,37.0,0.0,0.0,0.03770706853164104,0.0715095454377608
MAP_ELITES,52,33,33,12.857520818710327,512,484,0.2192430268986724,0.0,1.0,1.0663455279761738,1.0,1.0,0.4230769230769231,0.2,0.4936027972027972,0.3498986013986014,2.0,1.0,0.0,1.0,0.0,1.0,10.0,26.0,44.0,0.7,10.0,0.38461538461538464,5.0,1.0,1.0,1.0,1.0,34.0,0.0,0.0,0.03885030294996898,0.09166666666666667
MAP_ELITES,53,31,31,12.407292604446411,512,484,0.2598628293515301,0.0,1.0,1.286855780665437,1.0,1.0,0.44,0.5,0.4792290476190476,0.2925619047619048,2.0,1.0,2.0,1.0,0.0,1.0,10.0,25.0,42.0,0.0,15.0,0.6,6.0,0.8333333333333334,1.0,1.0,1.0,14.0,0.0,0.0,0.018284296883619693,0.09997435897435897
MAP_ELITES,54,29,29,12.788160562515259,512,484,0.35160083352843985,0.0,1.0,0.6736388711218957,1.0,1.0,0.3235294117647059,0.25,0.4791777183600714,0.30156862745098045,4.0,1.0,0.0,1.0,0.0,1.0,10.0,34.0,60.0,0.4,17.0,0.5,2.0,1.0,0.0,1.0,1.0,47.0,0.0,0.0,0.07484853246246916,0.07074929971988794
MAP_ELITES,55,31,31,11.805243492126465,512,484,0.1868470422648328,0.0,1.0,1.1845072406764678,1.0,1.0,0.25806451612903225,1.0,0.46968761346180704,0.3419217986314761,2.0,1.0,0.0,1.0,0.0,1.0,7.0,31.0,55.0,0.5714285714285714,14.0,0.45161290322580644,1.0,1.0,0.0,1.0,1.0,47.0,0.0,0.0,0.0431567782455611,0.053298706032440316
MAP_ELITES,56,28,28,11.833014488220215,512,484,0.14383078222564555,0.0,1.0,1.6341523823270232,1.0,1.0,0.2571428571428571,0.4,0.4652463540254812,0.30797533206831124,2.0,1.0,1.0,1.0,0.0,1.0,8.0,35.0,62.0,0.375,16.0,0.45714285714285713,4.0,0.75,0.0,1.0,1.0,35.0,0.0,0.0,0.08901192185530907,0.0810922164488532
MAP_ELITES,57,30,30,11.767463684082031,512,484,0.22421285282380762,0.0,1.0,1.1228154908205203,1.0,1.0,0.3448275862068966,0.75,0.4779897646414888,0.35889180806422194,5.0,1.0,1.0,1.0,1.0,1.0,9.0,29.0,54.0,0.6666666666666666,9.0,0.3103448275862069,2.0,1.0,1.0,1.0,1.0,28.0,0.0,0.0,0.07781249542500714,0.05523772204806687
MAP_ELITES,58,25,25,12.875021934509277,512,484,0.24369390082046777,0.0,1.0,1.3548202083592469,1.0,1.0,0.3157894736842105,0.5,0.48020130770722874,0.30510032894736844,7.0,1.0,1.0,1.0,0.0,1.0,11.0,38.0,64.0,0.18181818181818182,26.0,0.6842105263157895,4.0,0.75,1.0,1.0,1.0,56.0,0.0,0.0,0.04567728563190864,0.08033234876851873
MAP_ELITES,59,25,25,12.603971242904663,512,484,0.19121414790386068,0.0,1.0,1.471260967095604,1.0,1.0,0.25925925925925924,0.6666666666666666,0.45606807878112227,0.25473107890499197,3.0,1.0,0.0,1.0,0.0,1.0,6.0,27.0,46.0,0.0,14.0,0.5185185185185185,1.0,1.0,0.0,1.0,1.0,62.0,0.0,0.0,0.11520706223556526,0.08035714285714285
MAP_ELITES,60,32,32,13.51332402229309,512,484,0.2428505509475538,0.0,1.0,1.2859113308053811,1.0,1.0,0.26666666666666666,0.8,0.4706178278207835,0.2913877551020408,4.0,1.0,1.0,1.0,0.0,1.0,7.0,30.0,49.0,0.42857142857142855,20.0,0.6666666666666666,4.0,1.0,1.0,1.0,1.0,41.0,0.0,0.0,0.10575956800802985,0.0754510661563696
MAP_ELITES,61,29,29,10.34943151473999,512,484,0.24718146986168235,0.0,1.0,0.9980877852253193,1.0,1.0,0.17391304347826086,0.5,0.47919986824769434,0.33613142292490117,2.0,1.0,0.0,1.0,0.0,1.0,3.0,23.0,40.0,0.0,8.0,0.34782608695652173,1.0,1.0,1.0,1.0,1.0,33.0,0.0,0.0,0.07176528948594303,0.09834368530020703
MAP_ELITES,62,32,32,13.558192253112793,512,484,0.2567188064137812,0.0,1.0,1.2632086454076261,1.0,1.0,0.4166666666666667,0.5714285714285714,0.48612910486599015,0.2691220400728598,3.0,1.0,2.0,1.0,2.0,1.0,14.0,36.0,61.0,0.42857142857142855,18.0,0.5,5.0,1.0,0.0,1.0,1.0,31.0,0.0,0.0,0.046716532033660454,0.07420091324200913
MAP_ELITES,63,30,30,12.114723443984985,512,484,0.3107699829224221,0.0,1.0,0.7657448893036111,1.0,1.0,0.39285714285714285,0.3333333333333333,0.4911974867724868,0.31039285714285714,4.0,1.0,0.0,1.0,0.0,1.0,10.0,28.0,48.0,0.7,7.0,0.25,1.0,1.0,0.0,1.0,1.0,41.0,0.0,0.0,0.06682622222175565,0.08095238095238094
MAP_ELITES,64,29,29,11.334744453430176,512,484,0.08699063616492798,0.0,1.0,2.171604466914477,1.0,1.0,0.17142857142857143,1.0,0.4504077972172476,0.25636065573770495,2.0,1.0,1.0,1.0,0.0,1.0,5.0,35.0,61.0,0.0,27.0,0.7714285714285715,2.0,1.0,1.0,1.0,1.0,50.0,0.0,0.0,0.08579315688239485,0.08427035768645356
MAP_ELITES,65,26,26,11.046080112457275,512,484,0.46021753881345817,0.0,1.0,0.6389058901068263,1.0,1.0,0.5,0.25,0.5071413382594417,0.3413103448275862,2.0,1.0,1.0,1.0,0.0,1.0,7.0,16.0,29.0,0.42857142857142855,6.0,0.375,2.0,1.0,0.0,1.0,1.0,12.0,0.0,0.0,0.03471853433007044,0.056666666666666664
MAP_ELITES,66,30,30,10.738884925842285,512,484,0.2607914416447954,0.0,1.0,1.1672243414898733,1.0,1.0,0.4666666666666667,0.25,0.49304728766838307,0.29564705882352943,2.0,1.0,0.0,1.0,0.0,1.0,13.0,30.0,51.0,0.6923076923076923,6.0,0.2,4.0,0.5,0.0,1.0,1.0,48.0,0.0,0.0,0.05099334251897424,0.06745762711864406
MAP_ELITES,67,23,23,11.52404236793518,512,484,0.2782311103182082,0.0,1.0,0.9620162420134599,1.0,1.0,0.2,0.3333333333333333,0.47281253132832085,0.29514285714285715,2.0,1.0,2.0,1.0,1.0,1.0,3.0,20.0,35.0,0.0,12.0,0.6,1.0,1.0,0.0,1.0,1.0,36.0,0.0,0.0,0.09245208464068598,0.07083333333333333
MAP_ELITES,68,31,31,10.593529462814331,512,484,0.30631673923109687,0.0,1.0,0.8345130189132498,1.0,1.0,0.25,0.75,0.46379580498866213,0.2782040816326531,3.0,1.0,0.0,1.0,0.0,1.0,6.0,28.0,49.0,0.0,11.0,0.39285714285714285,1.0,1.0,0.0,1.0,1.0,34.0,0.0,0.0,0.12543948023638074,0.07470238095238095
MAP_ELITES,69,22,22,10.49940013885498,512,484,0.13544027195452138,0.0,1.0,1.4793344731688687,1.0,1.0,0.3235294117647059,0.6,0.4741726763432646,0.3093529411764706,7.0,1.0,1.0,1.0,0.0,1.0,10.0,34.0,56.0,0.7,12.0,0.35294117647058826,1.0,1.0,0.0,1.0,1.0,43.0,0.0,0.0,0.06573430593809305,0.08152210036556995
MAP_ELITES,70,30,30,10.956267595291138,512,484,0.3266102559349972,0.0,1.0,0.8038831519554679,1.0,1.0,0.2692307692307692,0.6666666666666666,0.4629938684503902,0.30942474916387963,4.0,1.0,1.0,1.0,0.0,1.0,6.0,26.0,46.0,0.0,14.0,0.5384615384615384,1.0,1.0,1.0,1.0,1.0,20.0,0.0,0.0,0.09422356456392404,0.07765151515151515
MAP_ELITES,71,30,30,10.740126848220825,512,484,0.11287488779833454,0.0,1.0,2.0054358762569957,1.0,1.0,0.17142857142857143,0.5,0.45624751459906004,0.24694915254237287,2.0,1.0,0.0,1.0,0.0,1.0,5.0,35.0,59.0,0.0,25.0,0.7142857142857143,2.0,1.0,0.0,1.0,1.0,29.0,0.0,0.0,0.11527964009742164,0.075
MAP_ELITES,72,30,30,10.845428705215454,512,484,0.17371087318281525,0.0,1.0,1.4301353267580144,1.0,1.0,0.2,0.25,0.4640879752431477,0.31461538461538463,2.0,1.0,1.0,1.0,0.0,1.0,5.0,30.0,52.0,0.2,17.0,0.5666666666666667,3.0,1.0,1.0,1.0,1.0,14.0,0.0,0.0,0.08872975452247424,0.05938256658595642
MAP_ELITES,73,29,29,10.286864757537842,512,484,0.4019914950818343,0.0,1.0,0.6381808903301035,1.0,1.0,0.35714285714285715,0.25,0.4897187301587302,0.3377428571428572,2.0,1.0,1.0,1.0,0.0,1.0,9.0,28.0,50.0,0.5555555555555556,10.0,0.35714285714285715,4.0,1.0,0.0,1.0,1.0,27.0,0.0,0.0,0.05897722157551059,0.06964285714285715
MAP_ELITES,74,32,32,11.65265440940857,512,484,0.247884780546003,0.0,1.0,1.3181457464866817,1.0,1.0,0.3333333333333333,0.6666666666666666,0.4848452732817265,0.2940408163265307,5.0,1.0,2.0,1.0,1.0,1.0,9.0,30.0,49.0,0.2222222222222222,19.0,0.6333333333333333,3.0,1.0,1.0,1.0,1.0,42.0,0.0,0.0,0.07629270191086193,0.07494703389830508
MAP_ELITES,75,26,26,9.511529207229614,512,484,0.30091298307450265,0.0,1.0,1.1982526983009532,1.0,1.0,0.42857142857142855,0.6666666666666666,0.48103447570947566,0.2365714285714286,3.0,1.0,0.0,1.0,0.0,1.0,11.0,28.0,48.0,0.18181818181818182,15.0,0.5357142857142857,5.0,1.0,0.0,1.0,1.0,35.0,0.0,0.0,0.062030712851021415,0.08152709359605911
MAP_ELITES,76,31,31,11.724236249923706,512,484,0.1558747385781005,0.0,1.0,1.5262135152962693,1.0,1.0,0.35294117647058826,0.5714285714285714,0.48850623885918004,0.3596960784313726,7.0,1.0,0.0,1.0,0.0,1.0,11.0,34.0,60.0,0.5454545454545454,11.0,0.3235294117647059,3.0,1.0,0.0,1.0,1.0,34.0,0.0,0.0,0.04651379159682504,0.07074929971988794
MAP_ELITES,77,33,33,14.621487617492676,512,484,0.20577205148665673,0.0,1.0,1.4082437349832668,1.0,1.0,0.4444444444444444,0.3333333333333333,0.4907981003895812,0.2750651340996169,2.0,1.0,0.0,1.0,0.0,1.0,7.0,18.0,29.0,0.5714285714285714,4.0,0.2222222222222222,1.0,1.0,0.0,1.0,1.0,41.0,0.0,0.0,0.05740007424477945,0.07230392156862744
MAP_ELITES,78,23,23,11.43254041671753,512,484,0.36095073656484683,0.0,1.0,0.5728619927550649,1.0,1.0,0.32142857142857145,0.2,0.4870394179894181,0.3195595238095238,2.0,1.0,0.0,1.0,0.0,1.0,8.0,28.0,48.0,0.625,5.0,0.17857142857142858,2.0,1.0,0.0,1.0,1.0,40.0,0.0,0.0,0.07866223381853138,0.08214285714285713
MAP_ELITES,79,24,24,11.381210327148438,512,484,0.3189820753758692,0.0,1.0,0.7168184945902354,1.0,1.0,0.21875,1.0,0.46208164395624773,0.29286206896551725,2.0,1.0,0.0,1.0,0.0,1.0,6.0,32.0,58.0,0.3333333333333333,15.0,0.46875,2.0,1.0,0.0,1.0,1.0,35.0,0.0,0.0,0.05851740294665287,0.04878934624697337
MAP_ELITES,80,25,25,10.43022084236145,512,484,0.23545229854838554,0.0,1.0,1.2508281796566088,1.0,1.0,0.36,0.3333333333333333,0.485842380952381,0.2901809523809524,2.0,1.0,1.0,1.0,0.0,1.0,8.0,25.0,42.0,0.375,13.0,0.52,5.0,1.0,0.0,1.0,1.0,43.0,0.0,0.0,0.08104382874456151,0.10116483516483515
MAP_ELITES,81,27,27,9.99418592453003,512,484,0.10156266609981485,0.0,1.0,1.7738448285909145,1.0,1.0,0.32432432432432434,0.4,0.4729393081393082,0.28859373659373655,2.0,1.0,0.0,1.0,0.0,1.0,11.0,37.0,63.0,0.5454545454545454,22.0,0.5945945945945946,5.0,1.0,0.0,1.0,1.0,69.0,0.0,0.0,0.0679307592777385,0.07661315914740573
MAP_ELITES,82,30,30,10.550426959991455,512,484,0.23394695496835702,0.0,1.0,0.950740118967569,1.0,1.0,0.18518518518518517,0.25,0.47474907407407413,0.3047546296296296,2.0,1.0,0.0,1.0,0.0,1.0,4.0,27.0,48.0,0.0,12.0,0.4444444444444444,1.0,1.0,0.0,1.0,1.0,20.0,0.0,0.0,0.09506498370593447,0.06724137931034482
MAP_ELITES,83,22,22,9.960614919662476,512,484,0.46649183646933956,0.0,1.0,0.5482660403649826,1.0,1.0,0.4444444444444444,0.5,0.4955241277241278,0.34406349206349207,2.0,1.0,0.0,1.0,0.0,1.0,11.0,27.0,49.0,0.18181818181818182,11.0,0.4074074074074074,2.0,0.5,0.0,1.0,1.0,44.0,0.0,0.0,0.01958467961502266,0.06375
MAP_ELITES,84,33,33,11.265425205230713,512,484,0.27772302617472516,0.0,1.0,0.8210590615246611,1.0,1.0,0.24324324324324326,0.625,0.4777477864961737,0.28529167877554973,6.0,1.0,0.0,1.0,0.0,1.0,8.0,37.0,62.0,0.25,11.0,0.2972972972972973,2.0,1.0,1.0,1.0,1.0,48.0,0.0,0.0,0.10355738019392771,0.07917553683820806
MAP_ELITES,85,30,30,10.524909734725952,512,484,0.3697912111095883,0.0,1.0,0.7612759960631873,1.0,1.0,0.42857142857142855,0.5,0.4897773487773488,0.3543963963963964,3.0,1.0,1.0,0.0,0.0,1.0,8.0,21.0,37.0,0.625,7.0,0.3333333333333333,2.0,1.0,0.0,1.0,1.0,33.0,0.0,0.0,0.02122716234135257,0.08635338345864661
MAP_ELITES,86,27,27,10.387657880783081,512,484,0.16034352405563015,0.0,1.0,1.9022063806096534,1.0,1.0,0.4,0.6,0.4746562685262192,0.2323265306122449,5.0,1.0,0.0,1.0,0.0,1.0,11.0,30.0,49.0,0.0,24.0,0.8,3.0,1.0,0.0,1.0,1.0,62.0,0.0,0.0,0.07089590116560161,0.07656341320864991
MAP_ELITES,87,27,27,11.734711647033691,512,484,0.22041345671023296,0.0,1.0,1.3678025745432691,1.0,1.0,0.2413793103448276,1.0,0.36637248416608015,0.26307670654468684,3.0,1.0,0.0,1.0,0.0,1.0,6.0,29.0,49.0,0.0,16.0,0.5517241379310345,3.0,1.0,1.0,1.0,1.0,35.0,0.0,0.0,0.07717494520007351,0.08696120689655172
MAP_ELITES,88,31,31,21.73740553855896,512,484,0.24543008796006144,0.0,1.0,1.3206430093826622,1.0,1.0,0.3103448275862069,1.0,0.4720769176636172,0.26634201266713586,3.0,1.0,0.0,1.0,0.0,1.0,8.0,29.0,49.0,0.25,13.0,0.4482758620689655,4.0,1.0,0.0,1.0,1.0,22.0,0.0,0.0,0.02210935780950087,0.08857758620689654
MAP_ELITES,89,22,22,23.999812364578247,512,484,0.3241524387707844,0.0,1.0,0.7016727983049741,1.0,1.0,0.46875,0.5,0.49548073374054435,0.27361320754716983,4.0,1.0,0.0,1.0,0.0,1.0,14.0,32.0,53.0,0.07142857142857142,21.0,0.65625,1.0,1.0,0.0,1.0,1.0,64.0,0.0,0.0,0.019126992271510757,0.07845036319612592
MAP_ELITES,90,33,33,11.653538227081299,512,484,0.25488804456884595,0.0,1.0,1.317627653074093,1.0,1.0,0.4090909090909091,1.0,0.48012655902655904,0.23446683046683048,4.0,1.0,0.0,1.0,0.0,1.0,8.0,22.0,37.0,0.375,14.0,0.6363636363636364,1.0,1.0,0.0,1.0,1.0,57.0,0.0,0.0,0.05084135515455989,0.10193779904306222
MAP_ELITES,91,33,33,11.8662691116333,512,484,0.39944234646052723,0.0,1.0,0.5180733996153367,1.0,1.0,0.28125,1.0,0.4844514112903226,0.39475,2.0,1.0,0.0,1.0,0.0,1.0,8.0,32.0,64.0,0.5,10.0,0.3125,2.0,1.0,0.0,1.0,1.0,59.0,0.0,0.0,0.053108592340948,0.05601851851851852
MAP_ELITES,92,31,31,11.742536544799805,512,484,0.29180752670278914,0.0,1.0,0.8133512822879146,1.0,1.0,0.23333333333333334,1.0,0.32427736516357203,0.27494871794871795,5.0,1.0,0.0,1.0,0.0,1.0,6.0,30.0,52.0,0.0,18.0,0.6,1.0,1.0,0.0,1.0,1.0,39.0,0.0,0.0,0.09520636095412414,0.05819209039548023
MAP_ELITES,93,30,30,11.596611022949219,512,484,0.349836612991123,0.0,1.0,0.6931156514419436,1.0,1.0,0.375,0.5,0.49007263167196896,0.3024634146341464,2.0,1.0,0.0,1.0,0.0,1.0,8.0,24.0,41.0,0.5,7.0,0.2916666666666667,2.0,1.0,0.0,1.0,1.0,40.0,0.0,0.0,0.01984343502411797,0.0918956043956044
MAP_ELITES,94,27,27,10.134618282318115,512,484,0.23810265878286987,0.0,1.0,1.0842806083146737,1.0,1.0,0.38461538461538464,0.5,0.48580327015979197,0.3188729096989966,2.0,1.0,1.0,1.0,1.0,1.0,9.0,26.0,46.0,0.5555555555555556,9.0,0.34615384615384615,3.0,1.0,1.0,1.0,1.0,69.0,0.0,0.0,0.013922002708796052,0.08035714285714286
MAP_ELITES,95,26,26,9.88936972618103,512,484,0.38045671980449186,0.0,1.0,0.6582288479629514,1.0,1.0,0.35294117647058826,0.25,0.5112894957983194,0.3442478991596639,2.0,1.0,0.0,1.0,0.0,1.0,5.0,17.0,28.0,0.4,7.0,0.4117647058823529,1.0,1.0,0.0,1.0,1.0,19.0,0.0,0.0,0.0570393936186111,0.09311942959001782
MAP_ELITES,96,27,27,11.093552589416504,512,484,0.17298258309894643,0.0,1.0,1.5425960101919558,1.0,1.0,0.19047619047619047,0.5,0.4761380952380953,0.3063809523809524,2.0,1.0,0.0,1.0,0.0,1.0,3.0,21.0,35.0,0.0,3.0,0.14285714285714285,1.0,1.0,0.0,1.0,1.0,34.0,0.0,0.0,0.08289961431476311,0.08714285714285715
MAP_ELITES,97,33,33,10.309452772140503,512,484,0.1575769760172508,0.0,1.0,1.641380000874718,1.0,1.0,0.19047619047619047,0.3333333333333333,0.47225406162464995,0.27299999999999996,2.0,1.0,1.0,1.0,0.0,1.0,3.0,21.0,34.0,0.0,14.0,0.6666666666666666,2.0,1.0,1.0,1.0,1.0,27.0,0.0,0.0,0.10368728807620778,0.07566137566137565
MAP_ELITES,98,32,32,11.247942447662354,512,484,0.44256719279948703,0.0,1.0,0.4838569183259147,1.0,1.0,0.28,0.75,0.49801900709219865,0.4010751773049646,3.0,1.0,0.0,1.0,0.0,1.0,6.0,25.0,47.0,0.5,4.0,0.16,1.0,1.0,0.0,1.0,1.0,19.0,0.0,0.0,0.09482212215952107,0.06751098901098901
MAP_ELITES,99,32,32,10.472961187362671,512,484,0.04673583278751416,0.0,1.0,2.485508884887075,1.0,1.0,0.14285714285714285,1.0,0.22239747899159665,0.20366666666666666,2.0,1.0,0.0,1.0,0.0,1.0,4.0,35.0,60.0,0.0,25.0,0.7142857142857143,2.0,1.0,1.0,1.0,1.0,55.0,0.0,0.0,0.16913656260159157,0.0802175697865353
MAP_ELITES,100,32,32,10.26783800125122,512,484,0.13007145250259167,0.0,1.0,1.625954179287537,1.0,1.0,0.5,0.6666666666666666,0.4916242894786373,0.2791904761904762,3.0,1.0,1.0,1.0,1.0,1.0,11.0,24.0,42.0,0.5454545454545454,9.0,0.375,5.0,1.0,1.0,1.0,1.0,20.0,0.0,0.0,0.022870604858439426,0.08653846153846154
MAP_ELITES,101,30,30,10.411569118499756,512,484,0.12867510347011715,0.0,1.0,1.744032686616381,1.0,1.0,0.12903225806451613,1.0,0.3892435167615434,0.2365819101834282,4.0,1.0,1.0,1.0,1.0,1.0,3.0,31.0,51.0,0.0,17.0,0.5483870967741935,3.0,1.0,1.0,1.0,1.0,26.0,0.0,0.0,0.11728520436402028,0.07648988518316019
MAP_ELITES,102,31,31,11.405751705169678,512,484,0.36067572925736696,0.0,1.0,0.7174482848855568,1.0,1.0,0.4583333333333333,0.75,0.49909094202898563,0.2975833333333333,4.0,1.0,0.0,1.0,0.0,1.0,10.0,24.0,40.0,0.0,12.0,0.5,2.0,1.0,0.0,1.0,1.0,19.0,0.0,0.0,0.061299654905758894,0.09928774928774929
MAP_ELITES,103,29,29,9.759485960006714,512,484,0.12348813537038181,0.0,1.0,1.615680588556448,1.0,1.0,0.6129032258064516,0.125,0.5160646264130135,0.32442100909842847,2.0,1.0,2.0,1.0,0.0,1.0,18.0,31.0,52.0,0.8333333333333334,10.0,0.3225806451612903,4.0,1.0,0.0,1.0,1.0,64.0,0.0,0.0,0.09943883205411806,0.0736594187660344
MAP_ELITES,104,24,24,10.354407787322998,512,484,0.13292221028733664,0.0,1.0,1.7430089500913777,1.0,1.0,0.125,0.6666666666666666,0.46482451124144675,0.2550227272727273,2.0,1.0,1.0,1.0,0.0,1.0,3.0,32.0,55.0,0.0,20.0,0.625,2.0,1.0,1.0,1.0,1.0,44.0,0.0,0.0,0.14571156108849603,0.06658595641646489
MAP_ELITES,105,28,28,9.618009805679321,512,484,0.4466708380031767,0.0,1.0,0.5430420489644211,1.0,1.0,0.3870967741935484,0.5,0.48750342130987295,0.3334310850439883,2.0,1.0,2.0,1.0,1.0,1.0,11.0,31.0,55.0,0.6363636363636364,10.0,0.3225806451612903,2.0,0.5,1.0,1.0,1.0,43.0,0.0,0.0,0.01200652181790762,0.0544891822229165
