seed,fitness_n64,coverage_n64,qd_score_n64,num_elites_n64,fitness_n96,coverage_n96,qd_score_n96,num_elites_n96,fitness_delta,fitness_pct_change
42,0.4814508935236467,0.01,0.0,1,0.2556930328694419,0.01,0.0,1,-0.22575786065420478,-46.89114999910507
43,0.21751038048899085,0.01,0.0,1,0.44952960165364275,0.01,0.0,1,0.2320192211646519,106.67041299042526
44,0.14528851960082306,0.01,0.0,1,0.5076476668820292,0.01,0.0,1,0.36235914728120616,249.4065933611133
45,0.4060792710666261,0.01,0.0,1,0.32986477625347915,0.01,1.0,1,-0.07621449481314696,-18.768378551546977
46,0.2665458240801353,0.01,0.0,1,0.5149537601630669,0.01,0.0,1,0.24840793608293166,93.19520834370657
47,0.3714153137585654,0.01,0.0,1,0.15241700526129545,0.01,1.0,1,-0.21899830849726995,-58.96318767287756
48,0.4404588251102221,0.01,1.0,1,0.3502424180032861,0.01,0.0,1,-0.09021640710693601,-20.48237019302767
49,0.3539034405562833,0.01,1.0,1,0.26773355638344465,0.01,0.0,1,-0.08616988417283866,-24.348416629516933
50,0.42930633858360634,0.01,0.0,1,0.25379761799600614,0.01,1.0,1,-0.1755087205876002,-40.88193087636425
51,0.39950363890638824,0.01,0.0,1,0.3557909196447621,0.01,0.0,1,-0.04371271926162612,-10.941757472168831
52,0.14040939878983474,0.01,1.0,1,0.3490681301614578,0.01,0.0,1,0.20865873137162308,148.60738182060317
53,0.24938631546123516,0.01,0.0,1,0.2938305976099775,0.01,0.0,1,0.044444282148742326,17.82145987703595
54,0.24566517172089092,0.01,0.0,1,0.2768552671694476,0.01,0.0,1,0.031190095448556665,12.69618124134945
55,0.2980877000334785,0.01,0.0,1,0.0,0.01,0.0,1,-0.2980877000334785,-100.0
56,0.1441800224923496,0.01,0.0,1,0.23745890487755386,0.01,0.0,1,0.09327888238520426,64.6961213993109
57,0.3830378355780353,0.01,0.0,1,0.06792084692799008,0.01,1.0,1,-0.3151169886500452,-82.2678491210948
58,0.35045416115727607,0.01,0.0,1,0.27107580109610047,0.01,0.0,1,-0.0793783600611756,-22.650140548781312
59,0.24975185929001775,0.01,0.0,1,0.24452585962089338,0.01,0.0,1,-0.005225999669124376,-2.0924767823473225
60,0.38509838367044685,0.01,0.0,1,0.24747118609159285,0.01,0.0,1,-0.137627197578854,-35.73819143749778
61,0.15828749459676736,0.01,0.0,1,0.39439199813055315,0.01,1.0,1,0.2361045035337858,149.1618173218642
62,0.21670493225929421,0.01,0.0,1,0.48356709654383817,0.01,1.0,1,0.26686216428454396,123.14540398426882
63,0.3394237415001403,0.01,0.0,1,0.25319087673777463,0.01,0.0,1,-0.08623286476236569,-25.40566678725685
64,0.4604235272473939,0.01,1.0,1,0.19943484594460134,0.01,0.0,1,-0.2609886813027925,-56.684479801258846
65,0.2716515405534838,0.01,0.0,1,0.18144547212682693,0.01,0.0,1,-0.09020606842665685,-33.2065366693169
66,0.14908318285451252,0.01,0.0,1,0.34679872870863687,0.01,0.0,1,0.19771554585412435,132.62095835924782
67,0.2782311103182082,0.01,0.0,1,0.2134423898786206,0.01,0.0,1,-0.06478872043958758,-23.285936775901813
68,0.2520554280780011,0.01,1.0,1,0.200898407910334,0.01,0.0,1,-0.05115702016766707,-20.29594068168055
69,0.21187049071016417,0.01,0.0,1,0.3289286449575484,0.01,0.0,1,0.11705815424738425,55.24986224132466
70,0.3441122397363467,0.01,0.0,1,0.11353798745641358,0.01,0.0,1,-0.2305742522799331,-67.00553646583319
71,0.40412266467475155,0.01,0.0,1,0.46673889062884244,0.01,0.0,1,0.06261622595409089,15.494361348054076
72,0.24727374057978305,0.01,0.0,1,0.40793601789296025,0.01,1.0,1,0.1606622773131772,64.97344883305124
73,0.18238108236466236,0.01,0.0,1,0.37648940277958726,0.01,0.0,1,0.1941083204149249,106.43007372157957
74,0.28585047155802934,0.01,0.0,1,0.2279322530405558,0.01,0.0,1,-0.05791821851747353,-20.261718723705442
75,0.37263227357627077,0.01,1.0,1,0.4036839420030653,0.01,0.0,1,0.03105166842679452,8.333059326499487
76,0.16142251640760297,0.01,0.0,1,0.20355420181338282,0.01,1.0,1,0.042131685405779856,26.10025313903201
77,0.32181127931204223,0.01,0.0,1,0.3437303096091539,0.01,0.0,1,0.021919030297111675,6.811144203512527
78,0.2593384325563442,0.01,0.0,1,0.21233050885744761,0.01,0.0,1,-0.047007923698896587,-18.12609231710521
79,0.3498672659809122,0.01,0.0,1,0.5525565803121988,0.01,1.0,1,0.20268931433128656,57.93320325724463
80,0.44757421992673113,0.01,0.0,1,0.2558597078404095,0.01,0.0,1,-0.19171451208632162,-42.83412751469593
81,0.3807188338989244,0.01,0.0,1,0.37066184971356464,0.01,0.0,1,-0.010056984185359774,-2.6415777970232397
82,0.3787810097111862,0.01,0.0,1,0.260583440928598,0.01,0.0,1,-0.11819756878258825,-31.204724036379698
83,0.13134953621087744,0.01,0.0,1,0.2789672819274887,0.01,0.0,1,0.14761774571661126,112.38543353485142
84,0.2315742023392514,0.01,0.0,1,0.1579482607896826,0.01,0.0,1,-0.07362594154956881,-31.793671663697808
85,0.09930337798451593,0.01,1.0,1,0.39082699393641523,0.01,0.0,1,0.2915236159518993,293.5686800073968
86,0.23999256731150423,0.01,0.0,1,0.27895492929110494,0.01,1.0,1,0.03896236197960071,16.23482027634154
87,0.23551322111013887,0.01,0.0,1,0.4210260805415584,0.01,0.0,1,0.1855128594314195,78.76961580202054
88,0.3116955686405819,0.01,0.0,1,0.3048644356910732,0.01,0.0,1,-0.006831132949508711,-2.191604128124687
89,0.2309649116735993,0.01,0.0,1,0.24305522860440956,0.01,1.0,1,0.012090316930810252,5.234698570965769
90,0.3669573776464654,0.01,0.0,1,0.20826388770044374,0.01,1.0,1,-0.15869348994602167,-43.245755396396575
91,0.16191543542692713,0.01,0.0,1,0.3659533307725298,0.01,0.0,1,0.20403789534560265,126.01509844173289
92,0.29180752670278914,0.01,0.0,1,0.23536007458712524,0.01,0.0,1,-0.056447452115663904,-19.344069960593092
93,0.3313348071840395,0.01,1.0,1,0.2550111763958867,0.01,1.0,1,-0.0763236307881528,-23.035198576574217
94,0.2378684050759065,0.01,0.0,1,0.3516408150531915,0.01,0.0,1,0.113772409977285,47.829979749088125
95,0.36310582537936265,0.01,0.0,1,0.421768491467089,0.01,0.0,1,0.058662666087726356,16.1558041726368
96,0.27674186000967255,0.01,0.0,1,0.18983148249811316,0.01,0.0,1,-0.08691037751155939,-31.404854151273586
97,0.2121851082490935,0.01,0.0,1,0.25771378079102536,0.01,0.0,1,0.04552867254193185,21.45705366301377
98,0.2999261955617823,0.01,0.0,1,0.2646249777681867,0.01,0.0,1,-0.035301217793595574,-11.7699681841641
99,0.2851886284355821,0.01,0.0,1,0.3531034702736046,0.01,0.0,1,0.06791484183802249,23.814007665934326
100,0.3152461375279309,0.01,0.0,1,0.1796407102748746,0.01,0.0,1,-0.1356054272530563,-43.01572996783874
101,0.33208898468343945,0.01,0.0,1,0.34946143658097295,0.01,0.0,1,0.017372451897533503,5.231264118589667
102,0.16940631722198393,0.01,1.0,1,0.3110836163062173,0.01,0.0,1,0.14167729908423335,83.6316504647135
103,0.40456809302002933,0.01,0.0,1,0.2078787044335471,0.01,1.0,1,-0.19668938858648222,-48.61712823624589
104,0.13292221028733664,0.01,1.0,1,0.40688261129728415,0.01,0.0,1,0.2739604010099475,206.10581212705537
105,0.328416948377732,0.01,0.0,1,0.209026409027364,0.01,0.0,1,-0.119390539350368,-36.35334288931087
106,0.37989202117157045,0.01,1.0,1,0.13489409801567753,0.01,0.0,1,-0.24499792315589292,-64.4914632321916
107,0.09839071402746642,0.01,0.0,1,0.4877163987200089,0.01,0.0,1,0.3893256846925425,395.69352508597467
108,0.2330041918344773,0.01,0.0,1,0.2697422429168154,0.01,0.0,1,0.03673805108233813,15.767120236375959
109,0.3799811543779753,0.01,0.0,1,0.33865299463900367,0.01,0.0,1,-0.04132815973897164,-10.876370910190362
110,0.3399170831211543,0.01,0.0,1,0.47124662499159425,0.01,0.0,1,0.13132954187043994,38.63575806916155
111,0.45573481416094347,0.01,0.0,1,0.0,0.01,0.0,1,-0.45573481416094347,-100.0
112,0.3344384472190609,0.01,1.0,1,0.39595281538557053,0.01,0.0,1,0.061514368166509625,18.39333027587496
113,0.3251874137462118,0.01,0.0,1,0.2607700269943238,0.01,0.0,1,-0.06441738675188802,-19.80931119374802
114,0.29304255925337086,0.01,0.0,1,0.33493788907635574,0.01,0.0,1,0.041895329822984884,14.296670739474838
115,0.2379736010704454,0.01,1.0,1,0.4218131032718112,0.01,0.0,1,0.1838395022013658,77.25205710819381
116,0.16745014390085874,0.01,0.0,1,0.27825888631511286,0.01,1.0,1,0.11080874241425412,66.17416971576927
117,0.26744858039386427,0.01,0.0,1,0.24410599168685712,0.01,0.0,1,-0.023342588707007145,-8.727879083385355
118,0.42756833530729865,0.01,0.0,1,0.3332210169075176,0.01,1.0,1,-0.09434731839978105,-22.066020939547002
119,0.3792012825479906,0.01,0.0,1,0.27877765580371694,0.01,0.0,1,-0.10042362674427369,-26.48293435863165
120,0.17313648396710432,0.01,0.0,1,0.37088613455640407,0.01,0.0,1,0.19774965058929975,114.21604855211909
121,0.3774183608407939,0.01,0.0,1,0.48771823472594233,0.01,0.0,1,0.11029987388514845,29.224829878288872
122,0.3338459618528113,0.01,0.0,1,0.3640808783963178,0.01,0.0,1,0.030234916543506518,9.056547030164989
123,0.24963353143234127,0.01,1.0,1,0.3146268477127406,0.01,1.0,1,0.06499331628039931,26.035491268934198
124,0.303443103854742,0.01,0.0,1,0.19735563911117593,0.01,1.0,1,-0.10608746474356606,-34.96123767385073
125,0.19523594254344645,0.01,1.0,1,0.3491744056468522,0.01,1.0,1,0.15393846310340575,78.84739925341839
126,0.10016608362492412,0.01,0.0,1,0.387705255957611,0.01,0.0,1,0.2875391723326869,287.06240867855905
127,0.3961714033187295,0.01,0.0,1,0.18453462687551797,0.01,0.0,1,-0.21163677644321155,-53.420508060483265
128,0.2125117145468886,0.01,0.0,1,0.3557078213627452,0.01,0.0,1,0.1431961068158566,67.38268858315656
129,0.4206250060753966,0.01,1.0,1,0.25368418425285916,0.01,0.0,1,-0.16694082182253744,-39.68875350045486
130,0.34274037337092605,0.01,0.0,1,0.3264234817658628,0.01,0.0,1,-0.016316891605063277,-4.76071477794784
131,0.39686387321009314,0.01,1.0,1,0.4093635132200153,0.01,0.0,1,0.012499640009922153,3.149603895365163
132,0.23460406449990975,0.01,0.0,1,0.32994603621183505,0.01,0.0,1,0.0953419717119253,40.6395225569342
133,0.2146794523860281,0.01,0.0,1,0.31223588680535147,0.01,0.0,1,0.09755643441932338,45.44283737220517
134,0.29327693337125027,0.01,1.0,1,0.4207243580080407,0.01,0.0,1,0.12744742463679043,43.45634113524321
135,0.24064413672784207,0.01,0.0,1,0.23931136339726244,0.01,1.0,1,-0.0013327733305796285,-0.5538357795465162
136,0.3986821542498407,0.01,1.0,1,0.052383931164743484,0.01,1.0,1,-0.3462982230850972,-86.86072837563825
137,0.2397859031344394,0.01,0.0,1,0.4217068728253386,0.01,0.0,1,0.1819209696908992,75.86808370002576
138,0.17552135637460825,0.01,0.0,1,0.5112210644102593,0.01,1.0,1,0.335699708035651,191.2586109004197
139,0.1986337340549043,0.01,0.0,1,0.23072182017609755,0.01,0.0,1,0.03208808612119324,16.15439908727879
140,0.4529107168692082,0.01,0.0,1,0.2978328065986245,0.01,1.0,1,-0.1550779102705837,-34.24028279625964
141,0.281318921271598,0.01,0.0,1,0.24270129397316306,0.01,0.0,1,-0.03861762729843496,-13.72734799489429
142,0.2530685279023095,0.01,0.0,1,0.1961161139030971,0.01,1.0,1,-0.05695241399921239,-22.504739910289192
143,0.3472713477091829,0.01,1.0,1,0.2938802601152797,0.01,1.0,1,-0.05339108759390321,-15.374458027160584
144,0.28119127210959427,0.01,0.0,1,0.35908708232630066,0.01,1.0,1,0.07789581021670638,27.702072554494684
145,0.11938796727941904,0.01,0.0,1,0.4253153167820446,0.01,0.0,1,0.30592734950262557,256.2463843501283
146,0.12971875534299313,0.01,0.0,1,0.31217314663863965,0.01,0.0,1,0.18245439129564653,140.65382512591458
147,0.2778063858338337,0.01,0.0,1,0.3766265688476521,0.01,0.0,1,0.0988201830138184,35.571602401150855
148,0.4200228077633337,0.01,1.0,1,0.26889042473864133,0.01,0.0,1,-0.1511323830246924,-35.98194674938927
149,0.30069301295537837,0.01,0.0,1,0.30069301295537837,0.01,0.0,1,0.0,0.0
150,0.4183042064569252,0.01,0.0,1,0.4611782659223728,0.01,0.0,1,0.042874059465447645,10.249492786265488
151,0.2455486486317721,0.01,0.0,1,0.22505077276515045,0.01,0.0,1,-0.020497875866621634,-8.347786062288828
152,0.11075993598298585,0.01,0.0,1,0.40249798486090504,0.01,1.0,1,0.2917380488779192,263.39672941191833
153,0.29831159027574633,0.01,0.0,1,0.38898988126197825,0.01,0.0,1,0.09067829098623192,30.39717327188422
154,0.13336700853364378,0.01,0.0,1,0.22871338052542955,0.01,0.0,1,0.09534637199178578,71.49172275820618
155,0.35850209081060125,0.01,1.0,1,0.2197445253400666,0.01,1.0,1,-0.13875756547053464,-38.704813452215284
156,0.2156292808229109,0.01,1.0,1,0.3219087073832342,0.01,0.0,1,0.10627942656032327,49.2880308994802
157,0.24344648686088566,0.01,0.0,1,0.11447658594592046,0.01,0.0,1,-0.12896990091496519,-52.97669421233561
158,0.34472577365077556,0.01,0.0,1,0.3114629582288546,0.01,0.0,1,-0.033262815421920944,-9.649065420799618
159,0.09821913975707978,0.01,0.0,1,0.24644580098125826,0.01,0.0,1,0.1482266612241785,150.91423279696775
160,0.3413709313635913,0.01,1.0,1,0.21765975704901253,0.01,0.0,1,-0.12371117431457879,-36.23951629988525
161,0.4408196296505547,0.01,1.0,1,0.2656475779551636,0.01,0.0,1,-0.17517205169539113,-39.73780655690243
162,0.27219112990356203,0.01,1.0,1,0.36547299233642133,0.01,0.0,1,0.0932818624328593,34.270720895978236
163,0.1919280750829414,0.01,0.0,1,0.0815739940312462,0.01,0.0,1,-0.11035408105169521,-57.4976230048709
164,0.17626645384218784,0.01,0.0,1,0.2388708731771713,0.01,1.0,1,0.06260441933498345,35.51692223355981
165,0.3904020353954773,0.01,0.0,1,0.1900697704456096,0.01,0.0,1,-0.2003322649498677,-51.314349513298794
166,0.35542515984048434,0.01,0.0,1,0.37030586425125367,0.01,0.0,1,0.01488070441076933,4.186733549602349
167,0.14395017210685726,0.01,0.0,1,0.23594861224305125,0.01,0.0,1,0.09199844013619399,63.90992021037779
168,0.21522161482272145,0.01,0.0,1,0.2945543234469479,0.01,0.0,1,0.07933270862422642,36.860939218197466
169,0.18527060821416094,0.01,0.0,1,0.23337467055245711,0.01,1.0,1,0.04810406233829617,25.964216775653355
