map_id,solver,persona,success,path_length,steps,states_explored,PER,entropy_final,room_entropy,replans,confusion_events,backtrack_loops,keys_collected,doors_opened,confusion_index,cognitive_load,aha_latency,info_gain_total,timeout_flag,solver_status,failure_reason,time_ms,deliberation_events,budget_exhaustion_events,peak_frustration,final_deliberation_budget,oracle_status,oracle_failure_reason,confusion_ratio
D1_v1,A*,optimal,0,0,0,50000,0.0,0.0,0.0,0,0,0,0,0,0.0,0.0,0,0.0,1,timeout,"Timeout: explored 50,000 states (limit: 50,000)",3830.924,0,0,0.0,0.0,timeout,"Timeout: explored 50,000 states (limit: 50,000)",nan
D1_v1,CBS+,speedrunner,0,10001,10001,10000,0.006,6050.987,2.418,9576,70,9266,0,0,21.175,0.113,0,0.045,1,timeout,"Timeout: explored 10,000 states (limit: 10,000)",58198.105,0,0,0.835,10.0,timeout,"Timeout: explored 50,000 states (limit: 50,000)",nan
D1_v1,CBS+,explorer,1,846,846,845,0.077,6172.376,8.118,392,71,89,0,0,1.048,0.92,9,0.488,0,solved,,1542.963,38,12,1.265,8.5,timeout,"Timeout: explored 50,000 states (limit: 50,000)",nan
D1_v1,CBS+,cautious,0,10001,10001,10000,0.006,6309.967,1.481,9879,35,9659,0,0,39.988,0.148,0,0.024,1,timeout,"Timeout: explored 10,000 states (limit: 10,000)",7531.934,6,0,0.931,7.5,timeout,"Timeout: explored 50,000 states (limit: 50,000)",nan
D1_v1,CBS+,forgetful,0,10001,10001,10000,0.006,6334.685,5.245,6892,95,7810,0,0,79.653,0.0,0,0.012,1,timeout,"Timeout: explored 10,000 states (limit: 10,000)",11406.548,4980,4967,1.563,0.25,timeout,"Timeout: explored 50,000 states (limit: 50,000)",nan
D1_v1,CBS+,balanced,0,10001,10001,10000,0.006,6278.778,1.791,9853,34,9752,0,0,72.537,0.0,0,0.014,1,timeout,"Timeout: explored 10,000 states (limit: 10,000)",26929.612,0,0,0.805,8.0,timeout,"Timeout: explored 50,000 states (limit: 50,000)",nan
D1_v1,CBS+,completionist,1,1400,1400,1399,0.046,6024.736,8.876,620,184,135,0,0,1.265,0.992,6,0.441,0,solved,,3394.873,5,0,0.901,9.0,timeout,"Timeout: explored 50,000 states (limit: 50,000)",nan
D1_v1,CBS+,novice,0,10001,10001,10000,0.006,6331.019,1.414,9874,46,9708,0,0,56.809,0.0,0,0.017,1,timeout,"Timeout: explored 10,000 states (limit: 10,000)",10391.671,4994,4985,1.423,0.0,timeout,"Timeout: explored 50,000 states (limit: 50,000)",nan
D1_v1,CBS+,greedy,0,10001,10001,10000,0.006,5703.625,1.252,9864,28,9798,0,0,83.042,1.001,0,0.012,1,timeout,"Timeout: explored 10,000 states (limit: 10,000)",13685.136,0,0,0.792,9.5,timeout,"Timeout: explored 50,000 states (limit: 50,000)",nan
